name	kind	file	line	compartment	status	tags	signature
Ravel.Matrix.EraseIndex.skip_injective	theorem	lean/Ravel/Matrix/EraseIndex.lean	61	matrix	lean-declaration	matrix	theorem skip_injective {n : ℕ} (k : Fin n) : Function.Injective (skip k) := by intro i j hij apply Fin.ext by_cases hi : i.val < k.val · by_cases hj : j.val < k.val · simpa [skip, hi, hj] using congrArg Fin.val hij · have hj' : k.val ≤ j.val := Nat.le_of_not_gt hj
block_det_reduction	theorem	lean/bp_correction_determinant.lean	76	matrix	lean-declaration	det,matrix	theorem block_det_reduction {V : Type*} [Fintype V] [DecidableEq V] (p : V → Prop) [DecidablePred p] (S : Matrix V V ℝ) (hS : ∀ u, ¬ p u → ∀ w, S u w = 0) : (1 + S).det = (1 + S.submatrix (fun a : {v // p v} => a.1) (fun b : {v // p v} => b.1)).det := by
main_reduction	theorem	lean/bp_correction_determinant.lean	117	matrix	lean-declaration	det,matrix	theorem main_reduction {V : Type*} [Fintype V] [DecidableEq V] (P E : Matrix V V ℝ) (π : Equiv.Perm V) (hP : ∀ u w, P u w = if π u = w then 1 else 0) (Rset : V → Prop) [DecidablePred Rset] (hE : ∀ u, ¬ Rset u → ∀ w, E u w = 0) (hDetP : P.det ≠ 0) : (P + E).det = P.det * (1 + E.submatrix (fun a : {v // Rset v} => a.1) (fun b : {v // Rset v} => π b.1)).det := by
det_A_full_eq_det_P	theorem	lean/bp_correction_determinant.lean	179	matrix	lean-declaration	det,matrix	theorem det_A_full_eq_det_P {m : ℕ} (detA detP : ℝ) (Eprime : Matrix (Fin m) (Fin m) ℝ) (hNil : RulerSequenceForcesNilpotent m Eprime) (hDetOne : NilpotentDetOne) (hReduction : detA = detP * (1 + Eprime).det) : detA = detP := by
contactKind_card	theorem	lean/class_ii_affine_shells.lean	48	affine-catalogue+graph	lean-declaration	affine,contact,shell	theorem contactKind_card : Fintype.card ContactKind = 14 := by native_decide
preContactKind_card	theorem	lean/class_ii_affine_shells.lean	73	affine-catalogue+graph	lean-declaration	affine,contact,shell	theorem preContactKind_card : Fintype.card PreContactKind = 16 := by native_decide
dContKind_card	theorem	lean/class_ii_affine_shells.lean	100	affine-catalogue	lean-declaration	affine,shell	theorem dContKind_card : Fintype.card DContKind = 9 := by native_decide
dContNode_in_preContact	theorem	lean/class_ii_affine_shells.lean	114	affine-catalogue+graph	lean-declaration	affine,contact,shell	theorem dContNode_in_preContact (kind : DContKind) : ∃ pre : PreContactKind, dContNode kind = preContactNode pre := by
preContactNode_backward_layer_partition	theorem	lean/class_ii_affine_shells.lean	136	affine-catalogue+graph	lean-declaration	affine,contact,shell	theorem preContactNode_backward_layer_partition (kind : PreContactKind) : (∃ seed : DContKind, preContactNode kind = dContNode seed) ∨ (∃ first : FirstBackwardKind, preContactNode kind = firstBackwardNode first) ∨ preContactNode kind = secondBackwardNode := by
preContactBackwardWitness_lattice_identity	theorem	lean/class_ii_affine_shells.lean	205	affine-catalogue+graph	lean-declaration	affine,contact,shell	theorem preContactBackwardWitness_lattice_identity (kind : PreContactBackwardWitnessKind) (a : Int) : signedBackwardDisplacement (preContactBackwardTypeOne kind) (classIIIncidenceMul a (preContactBackwardDestination kind)) (preContactBackwardPrefixes kind a).1 (preContactBackwardPrefixes kind a).2 = nodeDisplacement (preContactBackwardPredecessor kind) := by
dContFaceCandidateKind_card	theorem	lean/class_ii_affine_shells.lean	228	affine-catalogue	lean-declaration	affine,shell	theorem dContFaceCandidateKind_card : Fintype.card DContFaceCandidateKind = 33 := by
acceptedFaceCandidate_is_dCont	theorem	lean/class_ii_affine_shells.lean	276	affine-catalogue	lean-declaration	affine,shell	theorem acceptedFaceCandidate_is_dCont (kind : DContFaceCandidateKind) (h : dContFaceCandidateAccepted kind = true) : ∃ seed : DContKind, dContFaceCandidateNode kind = dContNode seed := by
preContactNode_partition	theorem	lean/class_ii_affine_shells.lean	295	affine-catalogue+graph	lean-declaration	affine,contact,shell	theorem preContactNode_partition (kind : PreContactKind) : (∃ contact : ContactKind, preContactNode kind = contactNode contact) ∨ (∃ excluded : ContactRedExcludedKind, preContactNode kind = contactRedExcludedNode excluded) := by
contactRedExcluded_disjoint	theorem	lean/class_ii_affine_shells.lean	302	affine-catalogue+graph	lean-declaration	affine,contact,shell	theorem contactRedExcluded_disjoint (contact : ContactKind) (excluded : ContactRedExcludedKind) : contactNode contact ≠ contactRedExcludedNode excluded := by
shellKind_card	theorem	lean/class_ii_affine_shells.lean	312	affine-catalogue	lean-declaration	affine,shell	theorem shellKind_card : Fintype.card ShellKind = 20 := by native_decide
shellHop_color_matches	theorem	lean/class_ii_affine_shells.lean	376	affine-catalogue	lean-declaration	affine,shell	theorem shellHop_color_matches (kind : ShellKind) (q : Int) : (shellNode (shellSourceKind kind) q).right = (shellHop kind).left := by
shellHop_from_explicit_signed_contact	theorem	lean/class_ii_affine_shells.lean	383	affine-catalogue+graph	lean-declaration	affine,contact,shell	theorem shellHop_from_explicit_signed_contact (kind : ShellKind) : ∃ contact : ContactKind, shellHop kind = contactNode contact ∨ shellHop kind = mirrorNode (contactNode contact) := by
shellNode_propagates	theorem	lean/class_ii_affine_shells.lean	412	affine-catalogue	lean-declaration	affine,shell	theorem shellNode_propagates (kind : ShellKind) (q : Int) : composeHop (shellNode (shellSourceKind kind) (q - 1)) (shellHop kind) = shellNode kind q := by
contactNode_in_restrictedH	theorem	lean/class_ii_affine_shells.lean	433	spectral+affine-catalogue+graph	lean-declaration	affine,contact,gap,shell	theorem contactNode_in_restrictedH (kind : ContactKind) (b c : ℝ) (hc : 1 < c) (hcb : c < b) (hgap : b - c < 1) : InRestrictedH (contactNode kind) b c := by
contactRedExcludedNode_in_restrictedH	theorem	lean/class_ii_affine_shells.lean	446	affine-catalogue+graph	lean-declaration	affine,contact,shell	theorem contactRedExcludedNode_in_restrictedH (kind : ContactRedExcludedKind) (b c : ℝ) (hc : 1 < c) : InRestrictedH (contactRedExcludedNode kind) b c := by
restrictedH_forces_bounded_x0	theorem	lean/class_ii_affine_shells.lean	459	spectral+affine-catalogue+window	lean-declaration	affine,gap,shell,window	theorem restrictedH_forces_bounded_x0 (node : ClassIINode) (b c : ℝ) (hc : 1 < c) (hcb : c < b) (hgap : 1 / 2 < b - c) (hx1lo : -2 ≤ node.x1) (hx1hi : node.x1 ≤ 2) (hx2lo : -1 ≤ node.x2) (hx2hi : node.x2 ≤ 1) (hright : node.right = 0 ∨ node.right = 1 ∨ node.right = 2) (hwindow : InRestrictedH node b c) : -2 ≤ node.x0 ∧ node.x0 ≤ 2 := by
dContFaceCandidate_window_iff	theorem	lean/class_ii_affine_shells.lean	505	affine-catalogue+window	lean-declaration	affine,shell,window	theorem dContFaceCandidate_window_iff (kind : DContFaceCandidateKind) (b c : ℝ) (hc : 1 < c) (hcb : c < b) : InRestrictedH (dContFaceCandidateNode kind) b c ↔ dContFaceCandidateAccepted kind = true := by
shellNode_in_open_signed_strip	theorem	lean/class_ii_affine_shells.lean	526	affine-catalogue+graph+window	lean-declaration	affine,edge,shell,strip	theorem shellNode_in_open_signed_strip (kind : ShellKind) (q : Int) (b c : ℝ) (hq : 4 ≤ q) (hbc : c < b) (hc : 1 < c) (hspan : (q : ℝ) * (b - c) < c) (hedge : ((q : ℝ) - 1) * (b - c) + 1 < c) : InOpenSignedStrip (shellNode kind q) b c := by
class_ii_window_bounds	theorem	lean/class_ii_affine_shells.lean	542	affine-catalogue+window	lean-declaration	affine,shell,window	theorem class_ii_window_bounds (a q b c : ℝ) (ha : 2 ≤ a) (hq : q ≤ a - 1) (hb : 0 < b) (hba : a < b) (hd : b^2 * (b - c) = a * b + 1) (hcscale : b^2 * c = a * b^2 + b) : q * (b - c) < c ∧ (q - 1) * (b - c) + 1 < c := by
class_ii_perron_window_bounds	theorem	lean/class_ii_affine_shells.lean	604	spectral+affine-catalogue+window	lean-declaration	affine,cubic,perron,shell,window	theorem class_ii_perron_window_bounds (a q beta : ℝ) (ha : 2 ≤ a) (hq : q ≤ a - 1) (hbeta : 0 < beta) (hbeta_a : a < beta) (hcubic : beta^3 = a * beta^2 + (a + 1) * beta + 1) : q * (beta - (a + 1 / beta)) < a + 1 / beta ∧ (q - 1) * (beta - (a + 1 / beta)) + 1 < a + 1 / beta := by
class_ii_perron_gap_lt_one	theorem	lean/class_ii_affine_shells.lean	626	spectral+affine-catalogue+number-theory	lean-declaration	affine,cubic,gap,perron,shell	theorem class_ii_perron_gap_lt_one (a beta : ℝ) (ha : 2 ≤ a) (hbeta : 0 < beta) (hcubic : beta^3 = a * beta^2 + (a + 1) * beta + 1) : beta - (a + 1 / beta) < 1 := by
class_ii_perron_gap_gt_half	theorem	lean/class_ii_affine_shells.lean	656	spectral+affine-catalogue+number-theory	lean-declaration	affine,cubic,gap,perron,shell	theorem class_ii_perron_gap_gt_half (a beta : ℝ) (ha : 2 ≤ a) (hbeta : 0 < beta) (hcubic : beta^3 = a * beta^2 + (a + 1) * beta + 1) : 1 / 2 < beta - (a + 1 / beta) := by
class_ii_perron_gap_gt_two_thirds	theorem	lean/class_ii_affine_shells.lean	701	spectral+affine-catalogue+number-theory	lean-declaration	affine,cubic,gap,perron,shell	theorem class_ii_perron_gap_gt_two_thirds (a beta : ℝ) (ha : 2 ≤ a) (hbeta : 0 < beta) (hcubic : beta^3 = a * beta^2 + (a + 1) * beta + 1) : 2 / 3 < beta - (a + 1 / beta) := by
class_ii_contactNode_valid	theorem	lean/class_ii_affine_shells.lean	746	affine-catalogue+graph+window	lean-declaration	affine,contact,cubic,shell,valid	theorem class_ii_contactNode_valid (kind : ContactKind) (a beta : ℝ) (ha : 2 ≤ a) (hbeta : 0 < beta) (hcubic : beta^3 = a * beta^2 + (a + 1) * beta + 1) : InRestrictedH (contactNode kind) beta (a + 1 / beta) := by
class_ii_rawContact_x0_bounded	theorem	lean/class_ii_affine_shells.lean	774	affine-catalogue+graph+window	lean-declaration	affine,contact,cubic,shell,window	theorem class_ii_rawContact_x0_bounded (node : ClassIINode) (a beta : ℝ) (ha : 2 ≤ a) (hbeta : 0 < beta) (hcubic : beta^3 = a * beta^2 + (a + 1) * beta + 1) (hx1lo : -2 ≤ node.x1) (hx1hi : node.x1 ≤ 2) (hx2lo : -1 ≤ node.x2) (hx2hi : node.x2 ≤ 1) (hright : node.right = 0 ∨ node.right = 1 ∨ node.right = 2) (hwindow : InRestrictedH node beta (a + 1 / beta)) : -2 ≤ node.x0 ∧ node.x0 ≤ 2 := by
class_ii_dCont_face_candidate_valid_iff	theorem	lean/class_ii_affine_shells.lean	809	affine-catalogue+window+number-theory	lean-declaration	affine,cubic,shell,valid	theorem class_ii_dCont_face_candidate_valid_iff (kind : DContFaceCandidateKind) (a beta : ℝ) (ha : 2 ≤ a) (hbeta : 0 < beta) (hcubic : beta^3 = a * beta^2 + (a + 1) * beta + 1) : InRestrictedH (dContFaceCandidateNode kind) beta (a + 1 / beta) ↔ dContFaceCandidateAccepted kind = true := by
class_ii_shell_endpoint_valid	theorem	lean/class_ii_affine_shells.lean	838	affine-catalogue+window+number-theory	lean-declaration	affine,cubic,shell,strip,valid	theorem class_ii_shell_endpoint_valid (kind : ShellKind) (a q : Int) (beta : ℝ) (ha : 2 ≤ a) (hq4 : 4 ≤ q) (hqa : q < a) (hbeta : 0 < beta) (hbeta_a : (a : ℝ) < beta) (hcubic : beta^3 = (a : ℝ) * beta^2 + ((a : ℝ) + 1) * beta + 1) : InOpenSignedStrip (shellNode kind q) beta ((a : ℝ) + 1 / beta) := by
shellNode_injective_at_round	theorem	lean/class_ii_affine_shells.lean	875	affine-catalogue	lean-declaration	affine,round,shell	theorem shellNode_injective_at_round {q : Int} (hq : 4 ≤ q) : Function.Injective (fun kind => shellNode kind q) := by
shellNode_round_eq	theorem	lean/class_ii_affine_shells.lean	884	affine-catalogue	lean-declaration	affine,round,shell	theorem shellNode_round_eq {q r : Int} (hq : 4 ≤ q) (hr : 4 ≤ r) {u v : ShellKind} (h : shellNode u q = shellNode v r) : q = r := by
class_ii_affine_shell_range_infinite	theorem	lean/class_ii_affine_shells.lean	895	affine-catalogue	lean-declaration	affine,shell	theorem class_ii_affine_shell_range_infinite : Set.Infinite (Set.range (fun n : Nat => shellNode .n00 (n + 4))) := by
for	theorem	lean/class_ii_balanced_pivot.lean	47	general	lean-declaration		theorem for a = 1.  The "only if" direction (a = 1 is the unique solution) is the open follow-up. -/
balanced_pivot_at_one	theorem	lean/class_ii_balanced_pivot.lean	68	window+number-theory	lean-declaration	cubic,ratio,width	theorem balanced_pivot_at_one (β : ℝ) (hβ : β > 1) (hcubic : ClassIICubic 1 β) : WidthRatio01 1 β = WidthRatio12 1 β := by
cubic_is_perfect_square_at_one	theorem	lean/class_ii_balanced_pivot.lean	85	number-theory	lean-declaration	cubic	theorem cubic_is_perfect_square_at_one (β : ℝ) (hcubic : ClassIICubic 1 β) : β^3 = (β + 1)^2 := by
ratios_equal_implies_cubic_perfect_square	theorem	lean/class_ii_balanced_pivot.lean	94	window+number-theory	lean-declaration	cubic,ratio,width	theorem ratios_equal_implies_cubic_perfect_square (a : ℤ) (β : ℝ) (ha : 1 ≤ a) (hβ : β > 1) (_hcubic : ClassIICubic (a : ℝ) β) (h_eq : WidthRatio01 (a : ℝ) β = WidthRatio12 (a : ℝ) β) : (β : ℝ)^3 = ((a : ℝ) * β + 1)^2 := by
balanced_pivot_iff_a_eq_one	theorem	lean/class_ii_balanced_pivot.lean	122	window+number-theory	lean-declaration	cubic,ratio,width	theorem balanced_pivot_iff_a_eq_one (a : ℤ) (β : ℝ) (ha : 1 ≤ a) (hβ : β > 1) (hcubic : ClassIICubic (a : ℝ) β) (h_eq : WidthRatio01 (a : ℝ) β = WidthRatio12 (a : ℝ) β) : a = 1 := by
deviation_identity	theorem	lean/class_ii_balanced_pivot.lean	214	window+number-theory	lean-declaration	cubic,ratio,width	theorem deviation_identity (a : ℤ) (β : ℝ) (ha : 1 ≤ a) (hβ : β > 1) (hcubic : ClassIICubic (a : ℝ) β) : WidthRatio01 (a : ℝ) β - WidthRatio12 (a : ℝ) β = 1 - (a : ℝ) := by
deviation_abs_eq_a_minus_one	theorem	lean/class_ii_balanced_pivot.lean	239	window+number-theory	lean-declaration	cubic,ratio,width	theorem deviation_abs_eq_a_minus_one (a : ℤ) (β : ℝ) (ha : 2 ≤ a) (hβ : β > 1) (hcubic : ClassIICubic (a : ℝ) β) : |WidthRatio01 (a : ℝ) β - WidthRatio12 (a : ℝ) β| = (a : ℝ) - 1 := by
class_ii_global_round_domains_exhaustive	theorem	lean/class_ii_global_round_partition.lean	43	affine-catalogue	lean-declaration	round	theorem class_ii_global_round_domains_exhaustive (a r : Int) (_ha : 7 ≤ a) (_hr0 : 1 ≤ r) (hr1 : r ≤ a + 1) : r ≤ 4 ∨ (5 ≤ r ∧ r ≤ a - 2) ∨ r = a - 1 ∨ r = a ∨ r = a + 1 := by
class_ii_global_round_phase_spec	theorem	lean/class_ii_global_round_partition.lean	53	affine-catalogue	lean-declaration	round,terminal	theorem class_ii_global_round_phase_spec (a r : Int) (ha : 7 ≤ a) (hr0 : 1 ≤ r) (hr1 : r ≤ a + 1) : (classIIGlobalRoundPhase a r = .base ↔ r ≤ 4) ∧ (classIIGlobalRoundPhase a r = .stable ↔ 5 ≤ r ∧ r ≤ a - 2) ∧ (classIIGlobalRoundPhase a r = .penultimate ↔ r = a - 1) ∧ (classIIGlobalRoundPhase a r = .terminal ↔ r = a) ∧ (classIIGlobalRoundPhase a r = .repeated ↔ r = a + 1) := by
class_ii_global_round_phase_unique	theorem	lean/class_ii_global_round_partition.lean	65	affine-catalogue	lean-declaration	round	theorem class_ii_global_round_phase_unique (a r : Int) (left right : ClassIIGlobalRoundPhase) (hleft : classIIGlobalRoundPhase a r = left) (hright : classIIGlobalRoundPhase a r = right) : left = right := by
class_ii_global_round_stitch	theorem	lean/class_ii_global_round_partition.lean	79	affine-catalogue	lean-declaration	round,terminal	theorem class_ii_global_round_stitch (a : Int) (P : Int → Prop) (ha : 7 ≤ a) (hbase : ∀ r, 1 ≤ r → r ≤ 4 → P r) (hstable : ∀ r, 5 ≤ r → r ≤ a - 2 → P r) (hpenultimate : P (a - 1)) (hterminal : P a) (hrepeated : P (a + 1)) : ∀ r, 1 ≤ r → r ≤ a + 1 → P r := by
neighbor2TerminalSextet_card	theorem	lean/class_ii_neighbor2_extensions.lean	37	affine-catalogue	lean-declaration	neighbor,terminal	theorem neighbor2TerminalSextet_card (a : ℤ) : (neighbor2TerminalSextet a).card = 6 := by
neighbor2PenultimatePair_card	theorem	lean/class_ii_neighbor2_extensions.lean	47	affine-catalogue	lean-declaration	neighbor	theorem neighbor2PenultimatePair_card (a : ℤ) : (neighbor2PenultimatePair a).card = 2 := by
neighbor2InteriorTip_injective	theorem	lean/class_ii_neighbor2_extensions.lean	54	affine-catalogue	lean-declaration	neighbor	theorem neighbor2InteriorTip_injective : Function.Injective neighbor2InteriorTip := by
neighbor2InteriorTips_infinite	theorem	lean/class_ii_neighbor2_extensions.lean	60	affine-catalogue	lean-declaration	neighbor	theorem neighbor2InteriorTips_infinite : Set.Infinite (Set.range neighbor2InteriorTip) :=
neighbor2InteriorTip_propagates	theorem	lean/class_ii_neighbor2_extensions.lean	67	affine-catalogue	lean-declaration	neighbor	theorem neighbor2InteriorTip_propagates (r : ℤ) : (2, -(r-1)-1, (r-1)+1, -1, 0) = neighbor2InteriorTip r := by
neighbor2InteriorTip_in_open_strip	theorem	lean/class_ii_neighbor2_extensions.lean	75	spectral+affine-catalogue+window	lean-declaration	gap,neighbor,strip	theorem neighbor2InteriorTip_in_open_strip (r b c : ℝ) (hr : 0 ≤ r) (hcb : c < b) (hgap : r * (b - c) + 1 < c) : -b < -r*b + r*c - 1 ∧ -r*b + r*c - 1 < b := by
neighbor2FixedNode_in_open_strip	theorem	lean/class_ii_neighbor2_extensions.lean	132	spectral+affine-catalogue+window	lean-declaration	gap,neighbor,strip	theorem neighbor2FixedNode_in_open_strip (kind : Neighbor2FixedKind) (b c : ℝ) (hc : 3 < c) (hgapLower : 1 / 2 < b - c) (hgapUpper : b - c < 1) : NeighborInOpenSignedStrip (neighbor2FixedNode kind) b c := by
class_ii_neighbor2_perron_gap_bounds	theorem	lean/class_ii_neighbor2_extensions.lean	147	spectral+affine-catalogue+number-theory	lean-declaration	cubic,gap,neighbor,perron	theorem class_ii_neighbor2_perron_gap_bounds (a beta : ℝ) (ha : 3 ≤ a) (hbeta : 0 < beta) (_hbeta_a : a < beta) (hbeta_2a : beta < 2 * a) (hcubic : beta^3 = a * beta^2 + (a + 1) * beta + 1) : 3 < a + 1 / beta ∧ 1 / 2 < beta - (a + 1 / beta) ∧ beta - (a + 1 / beta) < 1 := by
class_ii_neighbor2_perron_lt_two_a	theorem	lean/class_ii_neighbor2_extensions.lean	187	spectral+affine-catalogue+number-theory	lean-declaration	cubic,neighbor,perron	theorem class_ii_neighbor2_perron_lt_two_a (a beta : ℝ) (ha : 3 ≤ a) (hbeta : 0 < beta) (hcubic : beta^3 = a * beta^2 + (a + 1) * beta + 1) : beta < 2 * a := by
class_ii_neighbor2_perron_lt_three_halves_a	theorem	lean/class_ii_neighbor2_extensions.lean	218	spectral+affine-catalogue+number-theory	lean-declaration	cubic,neighbor,perron	theorem class_ii_neighbor2_perron_lt_three_halves_a (a beta : ℝ) (ha : 7 ≤ a) (hbeta : 0 < beta) (hcubic : beta^3 = a * beta^2 + (a + 1) * beta + 1) : beta < (3 / 2 : ℝ) * a := by
class_ii_neighbor2_perron_gap_gt_two_thirds	theorem	lean/class_ii_neighbor2_extensions.lean	249	spectral+affine-catalogue+number-theory	lean-declaration	cubic,gap,neighbor,perron	theorem class_ii_neighbor2_perron_gap_gt_two_thirds (a beta : ℝ) (ha : 7 ≤ a) (hbeta : 0 < beta) (hcubic : beta^3 = a * beta^2 + (a + 1) * beta + 1) : 2 / 3 < beta - (a + 1 / beta) := by
neighbor2FixedNode_perron_valid	theorem	lean/class_ii_neighbor2_extensions.lean	271	spectral+affine-catalogue+window	lean-declaration	cubic,neighbor,perron,strip,valid	theorem neighbor2FixedNode_perron_valid (kind : Neighbor2FixedKind) (a beta : ℝ) (ha : 3 ≤ a) (hbeta : 0 < beta) (hbeta_a : a < beta) (hbeta_2a : beta < 2 * a) (hcubic : beta^3 = a * beta^2 + (a + 1) * beta + 1) : NeighborInOpenSignedStrip (neighbor2FixedNode kind) beta (a + 1 / beta) := by
neighbor2FixedNode_cubic_valid	theorem	lean/class_ii_neighbor2_extensions.lean	285	affine-catalogue+window+number-theory	lean-declaration	cubic,neighbor,strip,valid	theorem neighbor2FixedNode_cubic_valid (kind : Neighbor2FixedKind) (a beta : ℝ) (ha : 3 ≤ a) (hbeta : 0 < beta) (hbeta_a : a < beta) (hcubic : beta^3 = a * beta^2 + (a + 1) * beta + 1) : NeighborInOpenSignedStrip (neighbor2FixedNode kind) beta (a + 1 / beta) := by
neighbor2TerminalKind_card	theorem	lean/class_ii_neighbor2_extensions.lean	303	affine-catalogue	lean-declaration	neighbor,terminal	theorem neighbor2TerminalKind_card : Fintype.card Neighbor2TerminalKind = 6 := by
neighbor2FixedKind_card	theorem	lean/class_ii_neighbor2_extensions.lean	308	affine-catalogue	lean-declaration	neighbor	theorem neighbor2FixedKind_card : Fintype.card Neighbor2FixedKind = 24 := by
neighbor2TerminalNode_in_open_strip	theorem	lean/class_ii_neighbor2_extensions.lean	327	spectral+affine-catalogue+window	lean-declaration	gap,neighbor,strip,terminal	theorem neighbor2TerminalNode_in_open_strip (kind : Neighbor2TerminalKind) (a : ℤ) (b c : ℝ) (ha : 3 ≤ a) (hgapPos : 0 < b - c) (hgapUpper : b - c < 1) (hlower : c - 3 < ((a : ℝ) - 2) * (b - c)) (hupper : ((a : ℝ) - 2) * (b - c) + 2 < c) : NeighborInOpenSignedStrip (neighbor2TerminalNode kind a) b c := by
neighbor2PenultimateExtra_in_open_strip	theorem	lean/class_ii_neighbor2_extensions.lean	349	spectral+affine-catalogue+window	lean-declaration	gap,neighbor,strip	theorem neighbor2PenultimateExtra_in_open_strip (a : ℤ) (b c : ℝ) (ha : 3 ≤ a) (hgapPos : 0 < b - c) (hupper : ((a : ℝ) - 2) * (b - c) + 2 < c) : NeighborInOpenSignedStrip (2, -(a - 2), a - 2, -2, 0) b c := by
class_ii_neighbor2_terminal_margins	theorem	lean/class_ii_neighbor2_extensions.lean	367	affine-catalogue+window+number-theory	lean-declaration	cubic,margin,neighbor,terminal	theorem class_ii_neighbor2_terminal_margins (a beta : ℝ) (ha : 3 ≤ a) (hbeta : 0 < beta) (hbeta_a : a < beta) (hcubic : beta^3 = a * beta^2 + (a + 1) * beta + 1) : (a + 1 / beta) - 3 < (a - 2) * (beta - (a + 1 / beta)) ∧ (a - 2) * (beta - (a + 1 / beta)) + 2 < a + 1 / beta := by
class_ii_neighbor2_terminal_refined_margins	theorem	lean/class_ii_neighbor2_extensions.lean	461	affine-catalogue+window+number-theory	lean-declaration	cubic,margin,neighbor,terminal	theorem class_ii_neighbor2_terminal_refined_margins (a beta : ℝ) (ha : 3 ≤ a) (hbeta : 0 < beta) (hbeta_a : a < beta) (hcubic : beta^3 = a * beta^2 + (a + 1) * beta + 1) : a + 1 / beta < (beta - (a + 1 / beta)) + (a - 2) * (beta - (a + 1 / beta)) + 2 ∧ (a - 2) * (beta - (a + 1 / beta)) + 3 < a + 1 / beta + (beta - (a + 1 / beta)) := by
class_ii_neighbor2_fixed_refined_margins	theorem	lean/class_ii_neighbor2_extensions.lean	550	affine-catalogue+window+number-theory	lean-declaration	cubic,margin,neighbor	theorem class_ii_neighbor2_fixed_refined_margins (a beta : ℝ) (ha : 3 ≤ a) (hbeta : 0 < beta) (hcubic : beta^3 = a * beta^2 + (a + 1) * beta + 1) : (a + 1) * (beta - (a + 1 / beta)) < a + 1 / beta ∧ a + 1 / beta < (a - 2) * (beta - (a + 1 / beta)) + 2 * (beta - (a + 1 / beta)) + 1 ∧ (a - 2) * (beta - (a + 1 / beta)) + 2 * (beta - (a + 1 / beta)) < a + 1 / beta + 1 := by
neighbor2TerminalNode_cubic_valid	theorem	lean/class_ii_neighbor2_extensions.lean	676	affine-catalogue+window+number-theory	lean-declaration	cubic,neighbor,strip,terminal,valid	theorem neighbor2TerminalNode_cubic_valid (kind : Neighbor2TerminalKind) (a : ℤ) (beta : ℝ) (ha : 3 ≤ a) (hbeta : 0 < beta) (hbeta_a : (a : ℝ) < beta) (hcubic : beta^3 = (a : ℝ) * beta^2 + ((a : ℝ) + 1) * beta + 1) : NeighborInOpenSignedStrip (neighbor2TerminalNode kind a) beta ((a : ℝ) + 1 / beta) := by
neighbor2PenultimateExtra_cubic_valid	theorem	lean/class_ii_neighbor2_extensions.lean	702	affine-catalogue+window+number-theory	lean-declaration	cubic,neighbor,strip,valid	theorem neighbor2PenultimateExtra_cubic_valid (a : ℤ) (beta : ℝ) (ha : 3 ≤ a) (hbeta : 0 < beta) (hbeta_a : (a : ℝ) < beta) (hcubic : beta^3 = (a : ℝ) * beta^2 + ((a : ℝ) + 1) * beta + 1) : NeighborInOpenSignedStrip (2, -(a - 2), a - 2, -2, 0) beta ((a : ℝ) + 1 / beta) := by
neighbor2PenultimateTip_cubic_valid	theorem	lean/class_ii_neighbor2_extensions.lean	726	affine-catalogue+window+number-theory	lean-declaration	cubic,neighbor,strip,valid	theorem neighbor2PenultimateTip_cubic_valid (a : ℤ) (beta : ℝ) (ha : 3 ≤ a) (hbeta : 0 < beta) (hbeta_a : (a : ℝ) < beta) (hcubic : beta^3 = (a : ℝ) * beta^2 + ((a : ℝ) + 1) * beta + 1) : NeighborInOpenSignedStrip (2, -(a - 1), a - 1, -1, 0) beta ((a : ℝ) + 1 / beta) := by
neighbor2InteriorTip_cubic_valid	theorem	lean/class_ii_neighbor2_extensions.lean	757	affine-catalogue+window+number-theory	lean-declaration	cubic,neighbor,strip,valid	theorem neighbor2InteriorTip_cubic_valid (a r : ℤ) (beta : ℝ) (ha : 3 ≤ a) (hr : 0 ≤ r) (hra : r ≤ a - 1) (hbeta : 0 < beta) (hbeta_a : (a : ℝ) < beta) (hcubic : beta^3 = (a : ℝ) * beta^2 + ((a : ℝ) + 1) * beta + 1) : NeighborInOpenSignedStrip (2, -r, r, -1, 0) beta ((a : ℝ) + 1 / beta) := by
neighbor2SecondExtra_cubic_valid	theorem	lean/class_ii_neighbor2_extensions.lean	802	affine-catalogue+window+number-theory	lean-declaration	cubic,neighbor,strip,valid	theorem neighbor2SecondExtra_cubic_valid (a beta : ℝ) (ha : 3 ≤ a) (hbeta : 0 < beta) (hbeta_a : a < beta) (hcubic : beta^3 = a * beta^2 + (a + 1) * beta + 1) : NeighborInOpenSignedStrip (0, 0, 1, -1, 0) beta (a + 1 / beta) := by
centerInterfaceSupportKind_card	theorem	lean/class_ii_neighbor2_extensions.lean	825	affine-catalogue	lean-declaration	neighbor	theorem centerInterfaceSupportKind_card : Fintype.card CenterInterfaceSupportKind = 24 := by
centerInterfaceSupportNode_in_open_strip	theorem	lean/class_ii_neighbor2_extensions.lean	859	spectral+affine-catalogue+window	lean-declaration	gap,neighbor,strip	theorem centerInterfaceSupportNode_in_open_strip (kind : CenterInterfaceSupportKind) (b c : ℝ) (hc : 3 < c) (hgapLower : 1 / 2 < b - c) (hgapUpper : b - c < 1) : NeighborInOpenSignedStrip (centerInterfaceSupportNode kind) b c := by
centerInterfaceSupportNode_cubic_valid	theorem	lean/class_ii_neighbor2_extensions.lean	874	affine-catalogue+window+number-theory	lean-declaration	cubic,neighbor,strip,valid	theorem centerInterfaceSupportNode_cubic_valid (kind : CenterInterfaceSupportKind) (a beta : ℝ) (ha : 3 ≤ a) (hbeta : 0 < beta) (hbeta_a : a < beta) (hcubic : beta^3 = a * beta^2 + (a + 1) * beta + 1) : NeighborInOpenSignedStrip (centerInterfaceSupportNode kind) beta (a + 1 / beta) := by
centerBaseRedExtraKind_card	theorem	lean/class_ii_neighbor2_extensions.lean	896	affine-catalogue	lean-declaration	neighbor	theorem centerBaseRedExtraKind_card : Fintype.card CenterBaseRedExtraKind = 10 := by
centerBaseRedExtraNode_in_open_strip	theorem	lean/class_ii_neighbor2_extensions.lean	914	spectral+affine-catalogue+window	lean-declaration	gap,neighbor,strip	theorem centerBaseRedExtraNode_in_open_strip (kind : CenterBaseRedExtraKind) (b c : ℝ) (hc : 3 < c) (hgapLower : 1 / 2 < b - c) (hgapUpper : b - c < 1) : NeighborInOpenSignedStrip (centerBaseRedExtraNode kind) b c := by
centerBaseRedExtraNode_cubic_valid	theorem	lean/class_ii_neighbor2_extensions.lean	927	affine-catalogue+window+number-theory	lean-declaration	cubic,neighbor,strip,valid	theorem centerBaseRedExtraNode_cubic_valid (kind : CenterBaseRedExtraKind) (a beta : ℝ) (ha : 3 ≤ a) (hbeta : 0 < beta) (hbeta_a : a < beta) (hcubic : beta^3 = a * beta^2 + (a + 1) * beta + 1) : NeighborInOpenSignedStrip (centerBaseRedExtraNode kind) beta (a + 1 / beta) := by
affine_closed_form_identity	theorem	lean/class_ii_neighbor_d_support.lean	69	affine-catalogue+graph	lean-declaration	affine,edge,neighbor	theorem affine_closed_form_identity (e : AffineEdge) (a : Int) : affineWeight e a - affineWeight e 3 = e.slope * (a - 3) := by
affine_catalogue_affine	theorem	lean/class_ii_neighbor_d_support.lean	75	affine-catalogue+graph	lean-declaration	affine,catalogue,edge,neighbor	theorem affine_catalogue_affine (e : AffineEdge) (a : Int) : affineWeight e a = affineWeight e 3 + (a - 3) * e.slope := by
neighbor0Edges_card	theorem	lean/class_ii_neighbor_d_support.lean	102	affine-catalogue+graph	lean-declaration	edge,neighbor	theorem neighbor0Edges_card : neighbor0Edges.card = 41 := by unfold neighbor0Edges neighbor0EdgeList native_decide
neighbor0BoundarySource_eq	theorem	lean/class_ii_neighbor_d_support.lean	115	affine-catalogue	lean-declaration	neighbor	theorem neighbor0BoundarySource_eq : neighbor0BoundarySource = {1, 4, 8, 9} := by
neighbor0BoundaryTarget_eq	theorem	lean/class_ii_neighbor_d_support.lean	120	affine-catalogue	lean-declaration	neighbor	theorem neighbor0BoundaryTarget_eq : neighbor0BoundaryTarget = {0, 1, 2, 9, 10, 12} := by
neighbor0_d_nnz	theorem	lean/class_ii_neighbor_d_support.lean	125	affine-catalogue+graph	lean-declaration	affine,edge,neighbor	theorem neighbor0_d_nnz : ({e ∈ neighbor0Edges | e.slope ≠ 0} : Finset AffineEdge).card = 12 := by
neighbor0_catalogue_affine	theorem	lean/class_ii_neighbor_d_support.lean	130	affine-catalogue+graph	lean-declaration	affine,catalogue,edge,neighbor	theorem neighbor0_catalogue_affine (a : Int) (e : AffineEdge) (he : e ∈ neighbor0Edges) : affineWeight e a = affineWeight e 3 + (a - 3) * e.slope :=
neighbor0_boundary_layer_support	theorem	lean/class_ii_neighbor_d_support.lean	138	affine-catalogue+graph	lean-declaration	affine,edge,neighbor	theorem neighbor0_boundary_layer_support : ({e ∈ neighbor0Edges | e.slope ≠ 0} : Finset AffineEdge).card = 12 ∧ (∀ s ∈ neighbor0BoundarySource, s = 1 ∨ s = 4 ∨ s = 8 ∨ s = 9) ∧ (∀ t ∈ neighbor0BoundaryTarget, t = 0 ∨ t = 1 ∨ t = 2 ∨ t = 9 ∨ t = 10 ∨ t = 12) := by
neighbor1Edges_card	theorem	lean/class_ii_neighbor_d_support.lean	173	affine-catalogue+graph	lean-declaration	edge,neighbor	theorem neighbor1Edges_card : neighbor1Edges.card = 34 := by unfold neighbor1Edges neighbor1EdgeList native_decide
neighbor1BoundarySource_eq	theorem	lean/class_ii_neighbor_d_support.lean	183	affine-catalogue	lean-declaration	neighbor	theorem neighbor1BoundarySource_eq : neighbor1BoundarySource = {1, 9} := by
neighbor1BoundaryTarget_eq	theorem	lean/class_ii_neighbor_d_support.lean	188	affine-catalogue	lean-declaration	neighbor	theorem neighbor1BoundaryTarget_eq : neighbor1BoundaryTarget = {0, 1, 2, 9, 12} := by
neighbor1_d_nnz	theorem	lean/class_ii_neighbor_d_support.lean	193	affine-catalogue+graph	lean-declaration	affine,edge,neighbor	theorem neighbor1_d_nnz : ({e ∈ neighbor1Edges | e.slope ≠ 0} : Finset AffineEdge).card = 5 := by
neighbor1_boundary_layer_support	theorem	lean/class_ii_neighbor_d_support.lean	201	affine-catalogue+graph	lean-declaration	affine,edge,neighbor	theorem neighbor1_boundary_layer_support : ({e ∈ neighbor1Edges | e.slope ≠ 0} : Finset AffineEdge).card = 5 ∧ (∀ s ∈ neighbor1BoundarySource, s = 1 ∨ s = 9) ∧ (∀ t ∈ neighbor1BoundaryTarget, t = 0 ∨ t = 1 ∨ t = 2 ∨ t = 9 ∨ t = 12) := by
neighbor2Edges_card	theorem	lean/class_ii_neighbor_d_support.lean	253	affine-catalogue+graph	lean-declaration	edge,neighbor	theorem neighbor2Edges_card : neighbor2Edges.card = 91 := by unfold neighbor2Edges neighbor2EdgeList native_decide
neighbor2BoundarySource_eq	theorem	lean/class_ii_neighbor_d_support.lean	263	affine-catalogue	lean-declaration	neighbor	theorem neighbor2BoundarySource_eq : neighbor2BoundarySource = {3, 9, 14, 16} := by
neighbor2BoundaryTarget_eq	theorem	lean/class_ii_neighbor_d_support.lean	268	affine-catalogue	lean-declaration	neighbor	theorem neighbor2BoundaryTarget_eq : neighbor2BoundaryTarget = {2, 3, 4, 6, 7, 15, 16, 18, 20, 24, 25, 26} := by
neighbor2_d_nnz	theorem	lean/class_ii_neighbor_d_support.lean	274	affine-catalogue+graph	lean-declaration	affine,edge,neighbor	theorem neighbor2_d_nnz : ({e ∈ neighbor2Edges | e.slope ≠ 0} : Finset AffineEdge).card = 24 := by
neighbor2_boundary_layer_support	theorem	lean/class_ii_neighbor_d_support.lean	282	affine-catalogue+graph	lean-declaration	affine,edge,neighbor	theorem neighbor2_boundary_layer_support : ({e ∈ neighbor2Edges | e.slope ≠ 0} : Finset AffineEdge).card = 24 ∧ (∀ s ∈ neighbor2BoundarySource, s = 3 ∨ s = 9 ∨ s = 14 ∨ s = 16) ∧ (∀ t ∈ neighbor2BoundaryTarget, t = 2 ∨ t = 3 ∨ t = 4 ∨ t = 6 ∨ t = 7 ∨ t = 15 ∨ t = 16 ∨ t = 18 ∨ t = 20 ∨ t = 24 ∨ t = 25 ∨ t = 26) := by
all_neighbors_boundary_layer_support	theorem	lean/class_ii_neighbor_d_support.lean	304	affine-catalogue+graph	lean-declaration	affine,edge,neighbor	theorem all_neighbors_boundary_layer_support : (({e ∈ neighbor0Edges | e.slope ≠ 0} : Finset AffineEdge).card = 12 ∧ ({e ∈ neighbor1Edges | e.slope ≠ 0} : Finset AffineEdge).card = 5 ∧ ({e ∈ neighbor2Edges | e.slope ≠ 0} : Finset AffineEdge).card = 24) ∧ neighbor0BoundarySource = {1, 4, 8, 9} ∧ neighbor1BoundarySource = {1, 9} ∧ neighbor2BoundarySource = {3, 9, 14, 16} := by
neighbor0_eval_pred	theorem	lean/class_ii_neighbor_dominance.lean	40	spectral+affine-catalogue	lean-declaration	dominance,neighbor	theorem neighbor0_eval_pred (a : ℤ) : neighbor0CoreFactor a (a-1) = a*(a-2)*(-2*a^5 + 9*a^4 - 11*a^3 + 4*a^2 - 3*a - 1) := by
neighbor1_eval_self	theorem	lean/class_ii_neighbor_dominance.lean	46	spectral+affine-catalogue	lean-declaration	dominance,neighbor	theorem neighbor1_eval_self (a : ℤ) : neighbor1CoreFactor a a = -a^3 - 2*a^2 + a := by
neighbor2_eval_self	theorem	lean/class_ii_neighbor_dominance.lean	51	spectral+affine-catalogue	lean-declaration	dominance,neighbor	theorem neighbor2_eval_self (a : ℤ) : neighbor2CoreFactor a a = -4*a^11 - 3*a^10 - 7*a^9 - 2*a^8 + 3*a^7 - 7*a^6 - a^5 - 14*a^4 + 10*a^3 - 3*a^2 - 4 := by
neighbor0_core_negative_at_pred	theorem	lean/class_ii_neighbor_dominance.lean	58	spectral+affine-catalogue	lean-declaration	dominance,neighbor	theorem neighbor0_core_negative_at_pred (a : ℤ) (ha : 3 ≤ a) : neighbor0CoreFactor a (a-1) < 0 := by
neighbor1_core_negative_at_self	theorem	lean/class_ii_neighbor_dominance.lean	80	spectral+affine-catalogue	lean-declaration	dominance,neighbor	theorem neighbor1_core_negative_at_self (a : ℤ) (ha : 3 ≤ a) : neighbor1CoreFactor a a < 0 := by
neighbor2_core_negative_at_self	theorem	lean/class_ii_neighbor_dominance.lean	88	spectral+affine-catalogue	lean-declaration	dominance,neighbor	theorem neighbor2_core_negative_at_self (a : ℤ) (ha : 3 ≤ a) : neighbor2CoreFactor a a < 0 := by
neighbor0_shell_below_pred	theorem	lean/class_ii_neighbor_dominance.lean	112	spectral+affine-catalogue	lean-declaration	dominance,neighbor,shell	theorem neighbor0_shell_below_pred (a t lambda : ℝ) (_ha : 3 ≤ a) (ht : t ≤ a-3) (hlambda : 0 < lambda) (heq : lambda + 1/lambda = t+2) : lambda < a-1 := by
neighbor1_shell_below_pred	theorem	lean/class_ii_neighbor_dominance.lean	120	spectral+affine-catalogue	lean-declaration	dominance,neighbor,shell	theorem neighbor1_shell_below_pred (a t lambda : ℝ) (ha : 3 ≤ a) (ht0 : 0 ≤ t) (ht : t ≤ a-2) (_hlambda : 0 ≤ lambda) (heq : lambda^2 = t*(t+2)) : lambda < a-1 := by
neighbor2_shell_below_self	theorem	lean/class_ii_neighbor_dominance.lean	128	spectral+affine-catalogue	lean-declaration	dominance,neighbor,shell	theorem neighbor2_shell_below_self (a k lambda : ℝ) (_ha : 3 ≤ a) (hk : k ≤ a-1) (heq : lambda = k) : lambda < a := by
round1Raw27_length	theorem	lean/class_ii_round1_red_pruning.lean	74	affine-catalogue	lean-declaration	round	theorem round1Raw27_length : round1Raw27.length = 27 := by decide
round1Raw27_x2_bound	theorem	lean/class_ii_round1_red_pruning.lean	81	affine-catalogue	lean-declaration	round	theorem round1Raw27_x2_bound : ∀ n ∈ round1Raw27, n.2.2.2.1 = -1 ∨ n.2.2.2.1 = 0 ∨ n.2.2.2.1 = 1 := by
round1RawCandidateKind_card	theorem	lean/class_ii_round1_red_pruning.lean	94	affine-catalogue	lean-declaration	round	theorem round1RawCandidateKind_card : Fintype.card Round1RawCandidateKind = 6 := by native_decide
round1RawCandidateX2_outside_target_range	theorem	lean/class_ii_round1_red_pruning.lean	119	affine-catalogue	lean-declaration	round	theorem round1RawCandidateX2_outside_target_range (kind : Round1RawCandidateKind) (a : ℤ) (ha : 3 ≤ a) : round1RawCandidateX2 kind a ≠ -1 ∧ round1RawCandidateX2 kind a ≠ 0 ∧ round1RawCandidateX2 kind a ≠ 1 := by
round1_red_pruning_no_match	theorem	lean/class_ii_round1_red_pruning.lean	137	affine-catalogue	lean-declaration	round	theorem round1_red_pruning_no_match (kind : Round1RawCandidateKind) (a : ℤ) (ha : 3 ≤ a) : ∀ n ∈ round1Raw27, n.2.2.2.1 ≠ round1RawCandidateX2 kind a := by
affine_no_solution_at_or_above_threshold	theorem	lean/class_ii_round234_shape_closure.lean	55	affine-catalogue	lean-declaration	affine,round	theorem affine_no_solution_at_or_above_threshold (const slope target a0 threshold : ℤ) (hslope : slope ≠ 0) (ha0 : const + a0 * slope = target) (hbelow : a0 < threshold) : ∀ a : ℤ, threshold ≤ a → const + a * slope ≠ target := by
occurrenceSlope_is_zero_or_one	theorem	lean/class_ii_round234_shape_closure.lean	99	affine-catalogue+word-language	lean-declaration	occurrence,round	theorem occurrenceSlope_is_zero_or_one (k : FixedOccurrenceKind) : (occurrenceSlopeIntercept k).1 = 0 ∨ (occurrenceSlopeIntercept k).1 = 1 := by
fixedOccurrenceKind_card	theorem	lean/class_ii_round234_shape_closure.lean	105	affine-catalogue+word-language	lean-declaration	occurrence,round	theorem fixedOccurrenceKind_card : Fintype.card FixedOccurrenceKind = 5 := by native_decide
both_fixed_slope_bounded	theorem	lean/class_ii_round234_shape_closure.lean	117	affine-catalogue+word-language	lean-declaration	occurrence,round	theorem both_fixed_slope_bounded (p q : FixedOccurrenceKind) : let sp := (occurrenceSlopeIntercept p).1
promotedNodes_length	theorem	lean/class_ii_six_vertex_graduation.lean	78	graph	lean-declaration	vertex	theorem promotedNodes_length (q : Int) : (promotedNodes q).length = 6 := by
promotedNodes_nodup	theorem	lean/class_ii_six_vertex_graduation.lean	85	graph	lean-declaration	vertex	theorem promotedNodes_nodup (q : Int) (_hq : 4 ≤ q) : (promotedNodes q).Nodup := by
promoted_disjoint_transferred	theorem	lean/class_ii_six_vertex_graduation.lean	92	graph	lean-declaration	vertex	theorem promoted_disjoint_transferred (q : Int) (_hq : 4 ≤ q) : (promotedNodes q).all (· ≠ transferredNode q) := by
promotedNodes_distinct_at_4	theorem	lean/class_ii_six_vertex_graduation.lean	103	graph	lean-declaration	vertex	theorem promotedNodes_distinct_at_4 : (promotedNodes 4).Nodup := by unfold promotedNodes; decide
promotedNodes_distinct_at_5	theorem	lean/class_ii_six_vertex_graduation.lean	106	graph	lean-declaration	vertex	theorem promotedNodes_distinct_at_5 : (promotedNodes 5).Nodup := by unfold promotedNodes; decide
promotedNodes_distinct_at_6	theorem	lean/class_ii_six_vertex_graduation.lean	109	graph	lean-declaration	vertex	theorem promotedNodes_distinct_at_6 : (promotedNodes 6).Nodup := by unfold promotedNodes; decide
promotedNodes_distinct_at_7	theorem	lean/class_ii_six_vertex_graduation.lean	112	graph	lean-declaration	vertex	theorem promotedNodes_distinct_at_7 : (promotedNodes 7).Nodup := by unfold promotedNodes; decide
promotedNodes_distinct_at_8	theorem	lean/class_ii_six_vertex_graduation.lean	115	graph	lean-declaration	vertex	theorem promotedNodes_distinct_at_8 : (promotedNodes 8).Nodup := by unfold promotedNodes; decide
promotedNodes_distinct_at_9	theorem	lean/class_ii_six_vertex_graduation.lean	118	graph	lean-declaration	vertex	theorem promotedNodes_distinct_at_9 : (promotedNodes 9).Nodup := by unfold promotedNodes; decide
promotedNodes_distinct_at_10	theorem	lean/class_ii_six_vertex_graduation.lean	121	graph	lean-declaration	vertex	theorem promotedNodes_distinct_at_10 : (promotedNodes 10).Nodup := by unfold promotedNodes; decide
promotedNodes_distinct_at_20	theorem	lean/class_ii_six_vertex_graduation.lean	124	graph	lean-declaration	vertex	theorem promotedNodes_distinct_at_20 : (promotedNodes 20).Nodup := by unfold promotedNodes; decide
promotedNodes_distinct_at_100	theorem	lean/class_ii_six_vertex_graduation.lean	127	graph	lean-declaration	vertex	theorem promotedNodes_distinct_at_100 : (promotedNodes 100).Nodup := by unfold promotedNodes; decide
promoted_disjoint_transferred_at_4	theorem	lean/class_ii_six_vertex_graduation.lean	136	graph	lean-declaration	vertex	theorem promoted_disjoint_transferred_at_4 : (promotedNodes 4).all (· ≠ transferredNode 4) := by
promoted_disjoint_transferred_at_5	theorem	lean/class_ii_six_vertex_graduation.lean	140	graph	lean-declaration	vertex	theorem promoted_disjoint_transferred_at_5 : (promotedNodes 5).all (· ≠ transferredNode 5) := by
promoted_disjoint_transferred_at_6	theorem	lean/class_ii_six_vertex_graduation.lean	144	graph	lean-declaration	vertex	theorem promoted_disjoint_transferred_at_6 : (promotedNodes 6).all (· ≠ transferredNode 6) := by
promoted_disjoint_transferred_at_7	theorem	lean/class_ii_six_vertex_graduation.lean	148	graph	lean-declaration	vertex	theorem promoted_disjoint_transferred_at_7 : (promotedNodes 7).all (· ≠ transferredNode 7) := by
promoted_disjoint_transferred_at_8	theorem	lean/class_ii_six_vertex_graduation.lean	152	graph	lean-declaration	vertex	theorem promoted_disjoint_transferred_at_8 : (promotedNodes 8).all (· ≠ transferredNode 8) := by
promoted_disjoint_transferred_at_9	theorem	lean/class_ii_six_vertex_graduation.lean	156	graph	lean-declaration	vertex	theorem promoted_disjoint_transferred_at_9 : (promotedNodes 9).all (· ≠ transferredNode 9) := by
promoted_disjoint_transferred_at_10	theorem	lean/class_ii_six_vertex_graduation.lean	160	graph	lean-declaration	vertex	theorem promoted_disjoint_transferred_at_10 : (promotedNodes 10).all (· ≠ transferredNode 10) := by
promoted_disjoint_transferred_at_20	theorem	lean/class_ii_six_vertex_graduation.lean	164	graph	lean-declaration	vertex	theorem promoted_disjoint_transferred_at_20 : (promotedNodes 20).all (· ≠ transferredNode 20) := by
promoted_disjoint_transferred_at_100	theorem	lean/class_ii_six_vertex_graduation.lean	168	graph	lean-declaration	vertex	theorem promoted_disjoint_transferred_at_100 : (promotedNodes 100).all (· ≠ transferredNode 100) := by
six_vertex_graduation_total_at_4	theorem	lean/class_ii_six_vertex_graduation.lean	178	graph	lean-declaration	vertex	theorem six_vertex_graduation_total_at_4 : (promotedNodes 4).length + 1 = 7 := by
six_vertex_graduation_total_at_5	theorem	lean/class_ii_six_vertex_graduation.lean	182	graph	lean-declaration	vertex	theorem six_vertex_graduation_total_at_5 : (promotedNodes 5).length + 1 = 7 := by
six_vertex_graduation_total_at_10	theorem	lean/class_ii_six_vertex_graduation.lean	186	graph	lean-declaration	vertex	theorem six_vertex_graduation_total_at_10 : (promotedNodes 10).length + 1 = 7 := by
six_vertex_graduation_total_at_100	theorem	lean/class_ii_six_vertex_graduation.lean	190	graph	lean-declaration	vertex	theorem six_vertex_graduation_total_at_100 : (promotedNodes 100).length + 1 = 7 := by
six_vertex_graduation_closed_form	theorem	lean/class_ii_six_vertex_graduation.lean	206	graph	lean-declaration	vertex	theorem six_vertex_graduation_closed_form :
six_vertex_catalogue_shape_universal	theorem	lean/class_ii_six_vertex_graduation.lean	249	affine-catalogue+graph	lean-declaration	catalogue,vertex	theorem six_vertex_catalogue_shape_universal (q : Int) (hq : 4 ≤ q) : (promotedNodes q).Nodup ∧ (promotedNodes q).all (· ≠ transferredNode q) ∧ (promotedNodes q).length + 1 = 7 := by
shellNode_injective_at_round	theorem	lean/class_ii_terminal_shells.lean	95	affine-catalogue	lean-declaration	round,shell,terminal	theorem shellNode_injective_at_round (q : Int) (hq : 4 ≤ q) : Function.Injective (fun k : ShellKind => shellNode k q) := by
shellNode_right_le_one	theorem	lean/class_ii_terminal_shells.lean	103	affine-catalogue	lean-declaration	shell,terminal	theorem shellNode_right_le_one (k : ShellKind) (q : Int) : (shellNode k q).right ≤ 1 := by
shellNode_right_one_implies_left_zero	theorem	lean/class_ii_terminal_shells.lean	110	affine-catalogue	lean-declaration	shell,terminal	theorem shellNode_right_one_implies_left_zero (k : ShellKind) (q : Int) (h : (shellNode k q).right = 1) : (shellNode k q).left = 0 := by
terminalCrossColours_distinct	theorem	lean/class_ii_terminal_shells.lean	163	affine-catalogue	lean-declaration	shell,terminal	theorem terminalCrossColours_distinct (a : Int) : terminalCrossColour1 a ≠ terminalCrossColour2 a := by
terminalCrossColour1_not_eq_extreme00	theorem	lean/class_ii_terminal_shells.lean	172	affine-catalogue	lean-declaration	shell,terminal	theorem terminalCrossColour1_not_eq_extreme00 (a : Int) : terminalCrossColour1 a ≠ interiorExtreme00 a := by
terminalCrossColour2_not_eq_extreme11	theorem	lean/class_ii_terminal_shells.lean	181	affine-catalogue	lean-declaration	shell,terminal	theorem terminalCrossColour2_not_eq_extreme11 (a : Int) : terminalCrossColour2 a ≠ interiorExtreme11 a := by
terminalCrossColour1_not_eq_extreme11	theorem	lean/class_ii_terminal_shells.lean	189	affine-catalogue	lean-declaration	shell,terminal	theorem terminalCrossColour1_not_eq_extreme11 (a : Int) : terminalCrossColour1 a ≠ interiorExtreme11 a := by
terminalCrossColour2_not_eq_extreme00	theorem	lean/class_ii_terminal_shells.lean	197	affine-catalogue	lean-declaration	shell,terminal	theorem terminalCrossColour2_not_eq_extreme00 (a : Int) : terminalCrossColour2 a ≠ interiorExtreme00 a := by
terminalCrossColours_not_eq_interior_extremes	theorem	lean/class_ii_terminal_shells.lean	205	affine-catalogue	lean-declaration	shell,terminal	theorem terminalCrossColours_not_eq_interior_extremes (a : Int) : terminalCrossColour1 a ≠ interiorExtreme00 a ∧ terminalCrossColour1 a ≠ interiorExtreme11 a ∧ terminalCrossColour2 a ≠ interiorExtreme00 a ∧ terminalCrossColour2 a ≠ interiorExtreme11 a := by
terminalCrossColour1_injective	theorem	lean/class_ii_terminal_shells.lean	217	affine-catalogue	lean-declaration	shell,terminal	theorem terminalCrossColour1_injective : Function.Injective terminalCrossColour1 := by
terminalCrossColour2_injective	theorem	lean/class_ii_terminal_shells.lean	225	affine-catalogue	lean-declaration	shell,terminal	theorem terminalCrossColour2_injective : Function.Injective terminalCrossColour2 := by
terminalCrossColours_cross_injective	theorem	lean/class_ii_terminal_shells.lean	234	affine-catalogue	lean-declaration	shell,terminal	theorem terminalCrossColours_cross_injective (a b : Int) : terminalCrossColour1 a ≠ terminalCrossColour2 b := by
terminalCrossColour1_not_in_interior_shell	theorem	lean/class_ii_terminal_shells.lean	248	affine-catalogue	lean-declaration	shell,terminal	theorem terminalCrossColour1_not_in_interior_shell (a q : Int) (_ha : 4 ≤ a) (_hq : 4 ≤ q) (k : ShellKind) : (toClassIINode (terminalCrossColour1 a)) ≠ shellNode k q := by
terminalCrossColour2_not_in_interior_shell	theorem	lean/class_ii_terminal_shells.lean	264	affine-catalogue	lean-declaration	shell,terminal	theorem terminalCrossColour2_not_in_interior_shell (a q : Int) (_ha : 4 ≤ a) (_hq : 4 ≤ q) (k : ShellKind) : (toClassIINode (terminalCrossColour2 a)) ≠ shellNode k q := by
terminalCrossColour1_range_infinite	theorem	lean/class_ii_terminal_shells.lean	281	affine-catalogue	lean-declaration	shell,terminal	theorem terminalCrossColour1_range_infinite : Set.Infinite (Set.range (fun n : Nat => terminalCrossColour1 (n + 4))) := by
terminalCrossColour2_range_infinite	theorem	lean/class_ii_terminal_shells.lean	295	affine-catalogue	lean-declaration	shell,terminal	theorem terminalCrossColour2_range_infinite : Set.Infinite (Set.range (fun n : Nat => terminalCrossColour2 (n + 4))) := by
interiorShellKindList_length	theorem	lean/class_ii_terminal_shells.lean	327	affine-catalogue	lean-declaration	shell,terminal	theorem interiorShellKindList_length : interiorShellKindList.length = 20 := by rfl
interiorShellKindList_nodup	theorem	lean/class_ii_terminal_shells.lean	330	affine-catalogue	lean-declaration	shell,terminal	theorem interiorShellKindList_nodup : interiorShellKindList.Nodup := by
interiorShellFinset_card	theorem	lean/class_ii_terminal_shells.lean	343	affine-catalogue	lean-declaration	shell,terminal	theorem interiorShellFinset_card (q : Int) (_hq : 4 ≤ q) : (interiorShellFinset q).card = 20 := by
terminalShellList_length	theorem	lean/class_ii_terminal_shells.lean	377	affine-catalogue	lean-declaration	shell,terminal	theorem terminalShellList_length (a : Int) : (terminalShellList a).length = 20 := by
terminalShellList_nodup	theorem	lean/class_ii_terminal_shells.lean	383	affine-catalogue	lean-declaration	shell,terminal	theorem terminalShellList_nodup (a : Int) (_ha : 4 ≤ a) : (terminalShellList a).Nodup := by
terminalShellFinset_card	theorem	lean/class_ii_terminal_shells.lean	412	affine-catalogue	lean-declaration	shell,terminal	theorem terminalShellFinset_card (a : Int) (_ha : 4 ≤ a) : (terminalShellFinset a).card = 20 := by
RavelGenerated.cover_tube_coordinate_bound	theorem	lean/covering_translation_tube.lean	3	general	lean-declaration		theorem cover_tube_coordinate_bound {n : ℕ} (M Δ : ℤ) (x t : Fin n → ℤ) (hx : ∀ i, |x i| ≤ M) (ht : ∀ i, |t i| ≤ Δ) : ∀ i, |x i + t i| ≤ M + Δ := by intro i calc |x i + t i| ≤ |x i| + |t i| := abs_add _ _
RavelGenerated.affine_path_transport	theorem	lean/covering_translation_tube.lean	7	affine-catalogue	lean-declaration	affine	theorem affine_path_transport {State : Type} [AddCommGroup State] (A : State →+ State) (forcing : ℕ → State) (base translation transported : ℕ → State) (h0 : transported 0 = base 0 + translation 0) (hb : ∀ k, base (k+1)=A(base k)+forcing k) (ht : ∀ k, translation(k+1)=A(translation k)) (hz : ∀ k, transported(k+1)=A(transported k)+forcing k) : ∀ k, transported k=base k+translation k := by intro k; induction k with | zero => exact h0 | succ k ih => rw [hz k, ih, map_add, hb k, ht k]; abel
RavelGenerated.cyclePolynomial_monic_succ	theorem	lean/cycle_charpoly_campaign_validation.lean	16	matrix+window+number-theory	lean-declaration	charpoly,polynomial,valid	theorem cyclePolynomial_monic_succ (K : Type*) [Field K] (n : ℕ) : (cyclePolynomial K (n + 1)).Monic := by
RavelGenerated.cyclePolynomial_ne_zero	theorem	lean/cycle_charpoly_campaign_validation.lean	22	matrix+window+number-theory	lean-declaration	charpoly,polynomial,valid	theorem cyclePolynomial_ne_zero (K : Type*) [Field K] (n : ℕ) : cyclePolynomial K (n + 1) ≠ 0 := by
RavelGenerated.canonicalCycleCore_charpoly	theorem	lean/cycle_charpoly_campaign_validation.lean	36	matrix+window+number-theory	lean-declaration	charpoly,polynomial,valid	theorem canonicalCycleCore_charpoly (K : Type*) [Field K] (n : ℕ) : (canonicalCycleCore K n).charpoly = cyclePolynomial K (n + 1) := by
RavelGenerated.canonicalCycleCore_companion_entries	theorem	lean/cycle_charpoly_campaign_validation.lean	53	matrix+window+number-theory	lean-declaration	charpoly,polynomial,valid	theorem canonicalCycleCore_companion_entries (K : Type*) [Field K] (n : ℕ) : let f := cyclePolynomial K (n + 1)
RavelGenerated.defect_splice_step	theorem	lean/defect_spliced_covering_tube.lean	8	general	lean-declaration		theorem defect_splice_step {State : Type*} [AddCommGroup State] (A : State →+ State) (forcing : ℤ →+ State) (x t : State) (digit defect : ℤ) : A (x + t) + forcing (digit + defect) = (A x + forcing digit) + (A t + forcing defect) := by
RavelGenerated.defect_spliced_affine_path_transport	theorem	lean/defect_spliced_covering_tube.lean	25	affine-catalogue	lean-declaration	affine	theorem defect_spliced_affine_path_transport {State : Type*} [AddCommGroup State] (A : State →+ State) (forcing : ℤ →+ State) (base translation transported : ℕ → State) (digit defect : ℕ → ℤ) (hzero : transported 0 = base 0 + translation 0) (hbase : ∀ k, base (k + 1) = A (base k) + forcing (digit k)) (htranslation : ∀ k, translation (k + 1) = A (translation k) + forcing (defect k)) (htransported :
Ravel.FamilyOfFamilies.classII_adjacent_swap_count	theorem	lean/family_of_families_adjacent_swap_counts.lean	13	word-language	lean-declaration	swap	theorem classII_adjacent_swap_count (a b : ℕ) (ha : 0 < a) (hb : 0 < b) : (classIISwapSites a b ha hb).card = 3 := by
Ravel.FamilyOfFamilies.nbonacci_adjacent_swap_count	theorem	lean/family_of_families_adjacent_swap_counts.lean	22	word-language	lean-declaration	swap	theorem nbonacci_adjacent_swap_count (n : ℕ) : (nbonacciSwapSites n).card = n - 1 := by
Ravel.FamilyOfFamilies.nbonacci_adjacent_swap_count_closed_form	theorem	lean/family_of_families_adjacent_swap_counts.lean	27	word-language	lean-declaration	swap	theorem nbonacci_adjacent_swap_count_closed_form (n : ℕ) (hn : 2 ≤ n) : (nbonacciSwapSites n).card + 1 = n := by
perron_eigenvector_is_phi_invariant	theorem	lean/free_involution_perron_core.lean	66	matrix+spectral	lean-declaration	eigen,matrix,perron	theorem perron_eigenvector_is_phi_invariant {A : Matrix V V ℝ} {φ : V → V} {v : V → ℝ} {lam : ℝ} (hInv  : Function.Involutive φ) (hAuto : ∀ u w, A (φ u) (φ w) = A u w) (hPos  : ∀ u, 0 < v u) (hEig  : ∀ u, ∑ x, A u x * v x = lam * v u) (hUniq : PerronUnique A) : ∀ u, v (φ u) = v u := by
quotient_perron_eigenequation	theorem	lean/free_involution_perron_core.lean	119	matrix+spectral	lean-declaration	eigen,matrix,perron	theorem quotient_perron_eigenequation {A : Matrix V V ℝ} {φ : V → V} {v : V → ℝ} {lam : ℝ} {R : Finset V} (hInv  : Function.Involutive φ) (hAuto : ∀ u w, A (φ u) (φ w) = A u w) (hPos  : ∀ u, 0 < v u) (hEig  : ∀ u, ∑ x, A u x * v x = lam * v u) (hUniq : PerronUnique A) (hR    : ∀ u, u ∈ R ↔ φ u ∉ R) : ∀ u ∈ R, ∑ β ∈ R, (A u β + A u (φ β)) * v β = lam * v u := by
perron_eigenvector_is_phi_invariant	theorem	lean/free_involution_perron_existence_draft.lean	76	matrix+spectral	draft	eigen,matrix,perron	theorem perron_eigenvector_is_phi_invariant {A : Matrix V V ℝ} {φ : V → V} {v : V → ℝ} {lam : ℝ} (hInv  : Function.Involutive φ) (hAuto : ∀ u w, A (φ u) (φ w) = A u w) (hPos  : ∀ u, 0 < v u) (hEig  : ∀ u, ∑ x, A u x * v x = lam * v u) (hUniq : PerronUnique A) : ∀ u, v (φ u) = v u := by
quotient_perron_eigenequation	theorem	lean/free_involution_perron_existence_draft.lean	117	matrix+spectral	draft	eigen,matrix,perron	theorem quotient_perron_eigenequation {A : Matrix V V ℝ} {φ : V → V} {v : V → ℝ} {lam : ℝ} {R : Finset V} (hInv  : Function.Involutive φ) (hAuto : ∀ u w, A (φ u) (φ w) = A u w) (hPos  : ∀ u, 0 < v u) (hEig  : ∀ u, ∑ x, A u x * v x = lam * v u) (hUniq : PerronUnique A) (hR    : ∀ u, u ∈ R ↔ φ u ∉ R) : ∀ u ∈ R, ∑ β ∈ R, (A u β + A u (φ β)) * v β = lam * v u := by
perron_unique_of_irreducible	theorem	lean/free_involution_perron_existence_draft.lean	199	matrix+spectral	draft	matrix,perron	theorem perron_unique_of_irreducible {W : Type*} [Fintype W] [DecidableEq W] [Nonempty W] (A : Matrix W W ℝ) (hNonneg : ∀ i j, 0 ≤ A i j) (hConn   : ∀ i j, ∃ k, 0 < (A ^ k) i j) : PerronUnique A := by
almost	theorem	lean/free_involution_perron_existence_draft.lean	411	spectral	draft	perron	theorem almost certainly matches up to trivial repackaging (EuclideanSpace vs Pi-type, `ContinuousOn` vs `Continuous`, etc).
perron_exists_of_irreducible	theorem	lean/free_involution_perron_existence_draft.lean	452	matrix+spectral	draft	matrix,perron	theorem perron_exists_of_irreducible {W : Type*} [Fintype W] [DecidableEq W] [Nonempty W] [Nontrivial W] (hBrouwer : BrouwerFixedPoint) (A : Matrix W W ℝ) (hNonneg : ∀ i j, 0 ≤ A i j) (hConn   : ∀ i j, ∃ k, 0 < (A ^ k) i j) : ∃ (v : W → ℝ) (lam : ℝ), (∀ i, 0 < v i) ∧ ∀ i, ∑ x, A i x * v x = lam * v i := by
quotient_perron_eigenequation_complete	theorem	lean/free_involution_perron_existence_draft.lean	661	matrix+spectral	draft	eigen,matrix,perron	theorem quotient_perron_eigenequation_complete [Nonempty V] {A : Matrix V V ℝ} {φ : V → V} {R : Finset V} (hInv    : Function.Involutive φ) (hAuto   : ∀ u w, A (φ u) (φ w) = A u w) (hNonneg : ∀ i j, 0 ≤ A i j) (hConn   : ∀ i j, ∃ k, 0 < (A ^ k) i j) (hR      : ∀ u, u ∈ R ↔ φ u ∉ R) (hExists : ∃ (v : V → ℝ) (lam : ℝ), (∀ i, 0 < v i) ∧ ∀ i, ∑ x, A i x * v x = lam * v i) : ∃ (v : V → ℝ) (lam : ℝ), (∀ i, 0 < v i) ∧ ∀ u ∈ R, ∑ β ∈ R, (A u β + A u (φ β)) * v β = lam * v u := by
RavelMultiCompartmentClosure.classII_site_swap_count	theorem	lean/generated/multi_compartment_closure_validation.lean	5	word-language+window	lean-declaration	swap,valid	theorem classII_site_swap_count : (3 : Int) = 3 := by rfl
RavelMultiCompartmentClosure.graph_matrix_scalar_agreement	theorem	lean/generated/multi_compartment_closure_validation.lean	11	matrix+graph+window	lean-declaration	graph,matrix,valid	theorem graph_matrix_scalar_agreement : (4 : Int) = 4 := by rfl
RavelMultiCompartmentClosure.tribonacci_charpoly_agreement	theorem	lean/generated/multi_compartment_closure_validation.lean	13	matrix+window	lean-declaration	charpoly,valid	theorem tribonacci_charpoly_agreement : ([1, -1, -1, -1] : List Int) = [1, -1, -1, -1] := by rfl
RavelGenerated.rMatrix_lowerTriangular	lemma	lean/generated/nbonacci_universal_n.kernel_checked.lean	43	matrix	kernel-checked-export	matrix	lemma rMatrix_lowerTriangular (n : ℕ) : (rMatrix n).BlockTriangular (OrderDual.toDual : Fin (n - 1) → OrderDual (Fin (n - 1))) := by
RavelGenerated.rMatrix_det	lemma	lean/generated/nbonacci_universal_n.kernel_checked.lean	55	matrix+number-theory	kernel-checked-export	det,matrix,polynomial	lemma rMatrix_det (n : ℕ) : (rMatrix n).det = (Polynomial.C (-1) : Polynomial ℤ) ^ (n - 1) := by
RavelGenerated.qMatrix_minor_eq_qMatrix	lemma	lean/generated/nbonacci_universal_n.kernel_checked.lean	61	matrix	kernel-checked-export	matrix,minor	lemma qMatrix_minor_eq_qMatrix (n : ℕ) (hn : 2 ≤ n) : Ravel.Matrix.EraseIndex.minor (qMatrix (n + 1)) ⟨0, by omega⟩ ⟨0, by omega⟩ = qMatrix n := by
RavelGenerated.qResidualCore_eq_rMatrix	lemma	lean/generated/nbonacci_universal_n.kernel_checked.lean	83	matrix	kernel-checked-export	matrix	lemma qResidualCore_eq_rMatrix (n : ℕ) (hn : 2 ≤ n) : qResidualCore n hn = rMatrix (n - 1) := by
RavelGenerated.qResidualMinor_det	lemma	lean/generated/nbonacci_universal_n.kernel_checked.lean	109	matrix	kernel-checked-export	det,minor	lemma qResidualMinor_det (n : ℕ) (hn : 2 ≤ n) : (qResidualMinor n hn).det = 1 := by
RavelGenerated.qMatrix_det_recurrence	lemma	lean/generated/nbonacci_universal_n.kernel_checked.lean	178	matrix+number-theory	kernel-checked-export	det,matrix,polynomial	lemma qMatrix_det_recurrence (n : ℕ) (hn : 2 ≤ n) : (qMatrix (n + 1)).det = Polynomial.X * (qMatrix n).det + 1 := by
RavelGenerated.qMatrix_det_closed_form_base	lemma	lean/generated/nbonacci_universal_n.kernel_checked.lean	271	matrix+number-theory	kernel-checked-export	det,matrix,polynomial	lemma qMatrix_det_closed_form_base : (qMatrix 2).det = ∑ k ∈ Finset.range 2, (Polynomial.X : Polynomial ℤ) ^ k := by
RavelGenerated.qMatrix_det_closed_form_succ	lemma	lean/generated/nbonacci_universal_n.kernel_checked.lean	276	matrix+number-theory	kernel-checked-export	det,matrix,polynomial	lemma qMatrix_det_closed_form_succ (n : ℕ) (hn : 2 ≤ n) (ih : (qMatrix n).det = ∑ k ∈ Finset.range n, (Polynomial.X : Polynomial ℤ) ^ k) : (qMatrix (n + 1)).det = ∑ k ∈ Finset.range (n + 1), (Polynomial.X : Polynomial ℤ) ^ k := by
RavelGenerated.qMatrix_det_closed_form	lemma	lean/generated/nbonacci_universal_n.kernel_checked.lean	282	matrix+number-theory	kernel-checked-export	det,matrix,polynomial	lemma qMatrix_det_closed_form (n : ℕ) (hn : 2 ≤ n) : (qMatrix n).det = ∑ k ∈ Finset.range n, (Polynomial.X : Polynomial ℤ) ^ k := by
RavelGenerated.nbonacciCharacteristic_minor_q	lemma	lean/generated/nbonacci_universal_n.kernel_checked.lean	289	matrix	kernel-checked-export	matrix,minor	lemma nbonacciCharacteristic_minor_q (n : ℕ) (hn : 2 ≤ n) : Ravel.Matrix.EraseIndex.minor (nbonacciCharacteristicMatrix (n + 1)) ⟨0, by omega⟩ ⟨0, by omega⟩ = qMatrix (n + 1) := by
RavelGenerated.nbonacciCharacteristic_minor_r	lemma	lean/generated/nbonacci_universal_n.kernel_checked.lean	304	matrix	kernel-checked-export	matrix,minor	lemma nbonacciCharacteristic_minor_r (n : ℕ) (hn : 2 ≤ n) : Ravel.Matrix.EraseIndex.minor (nbonacciCharacteristicMatrix (n + 1)) (Fin.last (n)) ⟨0, by omega⟩ = rMatrix (n + 1) := by
RavelGenerated.nbonacci_characteristic_split	lemma	lean/generated/nbonacci_universal_n.kernel_checked.lean	315	matrix+number-theory	kernel-checked-export	det,matrix,polynomial	lemma nbonacci_characteristic_split (n : ℕ) (hn : 2 ≤ n) : (nbonacciCharacteristicMatrix (n + 1)).det = Polynomial.X * (qMatrix (n + 1)).det + (-1 : Polynomial ℤ) ^ (n + 1) * (rMatrix (n + 1)).det := by
RavelGenerated.nbonacci_characteristic_polynomial	lemma	lean/generated/nbonacci_universal_n.kernel_checked.lean	398	matrix+number-theory	kernel-checked-export	det,matrix,polynomial	lemma nbonacci_characteristic_polynomial (n : ℕ) (hn : 2 ≤ n) : (nbonacciCharacteristicMatrix (n + 1)).det = nbonacciPolynomial (n + 1) := by
RavelGenerated.nbonacci_universal_n	lemma	lean/generated/nbonacci_universal_n.kernel_checked.lean	405	matrix+number-theory	kernel-checked-export	det,matrix,polynomial	lemma nbonacci_universal_n (n : ℕ) (hn : 2 ≤ n) : (nbonacciCharacteristicMatrix (n + 1)).det = nbonacciPolynomial (n + 1) := by
RavelSharedPolynomialClosure.matrix_spectral_polynomial_normal_form	theorem	lean/generated/shared_polynomial_closure_validation.lean	5	matrix+spectral+window	lean-declaration	matrix,polynomial,spectral,valid	theorem matrix_spectral_polynomial_normal_form : ([1, 1, 1, 1] : List Int) = [1, 1, 1, 1] := by rfl
RavelSharedPolynomialClosure.close_matrix_geometric_recurrence	theorem	lean/generated/shared_polynomial_closure_validation.lean	11	matrix+window+number-theory	lean-declaration	geom,matrix,polynomial,valid	theorem close_matrix_geometric_recurrence (f : ℕ → Polynomial ℤ) (h0 : f 0 = 1) (hstep : ∀ n : ℕ, f (n + 1) = Polynomial.X * f n + 1) : ∀ n : ℕ, f n = close_matrix_geometric_recurrence_normalForm n := by
RavelSharedPolynomialClosure.close_spectral_geometric_recurrence	theorem	lean/generated/shared_polynomial_closure_validation.lean	29	spectral+window+number-theory	lean-declaration	geom,polynomial,spectral,valid	theorem close_spectral_geometric_recurrence (f : ℕ → Polynomial ℤ) (h0 : f 0 = 1) (hstep : ∀ n : ℕ, f (n + 1) = Polynomial.X * f n + 1) : ∀ n : ℕ, f n = close_spectral_geometric_recurrence_normalForm n := by
RavelGenerated.feeder_cycle_charpoly_factor	theorem	lean/graph_cycle_charpoly_factor_validation.lean	10	matrix+graph+window	lean-declaration	charpoly,graph,matrix,polynomial,valid	theorem feeder_cycle_charpoly_factor {R : Type*} [CommRing R] {ι : Type*} [Fintype ι] [DecidableEq ι] (feederToCore : Matrix (Fin 1) ι R) (core : Matrix ι ι R) : (Matrix.fromBlocks (0 : Matrix (Fin 1) (Fin 1) R) feederToCore (0 : Matrix ι (Fin 1) R) core).charpoly = Polynomial.X * core.charpoly := by
RavelGenerated.feeder_cycle_charpoly_closed	theorem	lean/graph_cycle_charpoly_factor_validation.lean	27	matrix+graph+window	lean-declaration	charpoly,graph,matrix,polynomial,valid	theorem feeder_cycle_charpoly_closed {R : Type*} [CommRing R] {ι : Type*} [Fintype ι] [DecidableEq ι] (n : ℕ) (feederToCore : Matrix (Fin 1) ι R) (core : Matrix ι ι R) (hcore : core.charpoly = Polynomial.X ^ n - 1) : (Matrix.fromBlocks (0 : Matrix (Fin 1) (Fin 1) R) feederToCore (0 : Matrix ι (Fin 1) R) core).charpoly = Polynomial.X * (Polynomial.X ^ n - 1) := by
RavelGenerated.cycleWithFeederOutdegrees_length	theorem	lean/graph_cycle_core_seam_validation.lean	10	graph+window	lean-declaration	graph,valid	theorem cycleWithFeederOutdegrees_length (n : ℕ) : (cycleWithFeederOutdegrees n).length = n + 1 := by
RavelGenerated.cycleWithFeeder_edge_count	theorem	lean/graph_cycle_core_seam_validation.lean	14	graph+window	lean-declaration	edge,graph,valid	theorem cycleWithFeeder_edge_count (n : ℕ) : (cycleWithFeederOutdegrees n).sum = n + 1 := by
RavelGenerated.edge_count_of_cycle_core_and_feeder	theorem	lean/graph_cycle_core_seam_validation.lean	20	graph+window	lean-declaration	edge,graph,valid	theorem edge_count_of_cycle_core_and_feeder (n coreEdges feederEdges totalEdges : ℕ) (hcore : coreEdges = n) (hfeeder : feederEdges = 1) (htotal : totalEdges = coreEdges + feederEdges) : totalEdges = n + 1 := by
nbonacciCoreMember_mirror	theorem	lean/nbonacci_margin_catalogue.lean	50	affine-catalogue+window	lean-declaration	catalogue,margin	theorem nbonacciCoreMember_mirror (i j : ℕ) (d : NBonacciDescriptor) : nbonacciCoreMember i j d ↔ nbonacciCoreMember j i (nbonacciFlipSign d) := by
nbonacciPairNodeCount_mirror	theorem	lean/nbonacci_margin_catalogue.lean	73	affine-catalogue+window	lean-declaration	catalogue,margin	theorem nbonacciPairNodeCount_mirror (n i j : ℕ) : nbonacciPairNodeCount n i j = nbonacciPairNodeCount n j i := by
nbonacciCoreStrata_numerator_identity	theorem	lean/nbonacci_margin_catalogue.lean	85	affine-catalogue+window	lean-declaration	catalogue,margin	theorem nbonacciCoreStrata_numerator_identity (n : ℤ) : n * (n - 1) * (n - 2) + n * (n - 1) * (2 * n - 1) + (n - 2) * (n - 1) * (2 * n - 3) = (n - 1) * (5 * n ^ 2 - 10 * n + 6) := by
nbonacciDistanceFromPreviousShadow_le_three	theorem	lean/nbonacci_margin_catalogue.lean	100	affine-catalogue+window	lean-declaration	catalogue,margin	theorem nbonacciDistanceFromPreviousShadow_le_three (n : ℕ) (d : NBonacciDescriptor) : nbonacciDistanceFromPreviousShadow n d ≤ 3 := by
nbonacciDistanceToPreviousShadow_le_two	theorem	lean/nbonacci_margin_catalogue.lean	119	affine-catalogue+window	lean-declaration	catalogue,margin	theorem nbonacciDistanceToPreviousShadow_le_two (i j : ℕ) (d : NBonacciDescriptor) : nbonacciDistanceToPreviousShadow i j d ≤ 2 := by
carryUpdate_sum	theorem	lean/nbonacci_margin_catalogue.lean	150	affine-catalogue+window	lean-declaration	catalogue,margin	theorem carryUpdate_sum {x : List ℤ} (hx : x ≠ []) (d : ℤ) : (carryUpdate x d).sum = x.head hx + d := by
carryUpdate_sum_digit_bound	theorem	lean/nbonacci_margin_catalogue.lean	158	affine-catalogue+window	lean-declaration	catalogue,margin	theorem carryUpdate_sum_digit_bound {x : List ℤ} (hx : x ≠ []) {d : ℤ} (hd : -1 ≤ d ∧ d ≤ 1) : (carryUpdate x d).sum - x.head hx ∈ Set.Icc (-1 : ℤ) 1 := by
carryUpdate_take_prefix	theorem	lean/nbonacci_margin_catalogue.lean	164	affine-catalogue+window	lean-declaration	catalogue,margin	theorem carryUpdate_take_prefix (x : List ℤ) (d : ℤ) : (carryUpdate x d).take (x.length - 1) = x.tail := by
blockDefect_of_sum_update	theorem	lean/nbonacci_margin_catalogue.lean	173	affine-catalogue+window	lean-declaration	catalogue,margin	theorem blockDefect_of_sum_update {a0 a1 next sum1 d0 d1 : ℤ} (hnext : next = 2 * a1 - sum1 + d1) (hsum : sum1 = a0 + d0) : next - 2 * a1 + a0 = d1 - d0 := by
nbonacciGeomSum_succ	theorem	lean/nbonacci_margin_catalogue.lean	184	affine-catalogue+window+number-theory	lean-declaration	catalogue,geom,margin	theorem nbonacciGeomSum_succ {R : Type} [Ring R] (a : R) (n : ℕ) : nbonacciGeomSum a (n + 1) = nbonacciGeomSum a n + a ^ (n + 1) := by
nbonacci_mul_geomSum	theorem	lean/nbonacci_margin_catalogue.lean	188	affine-catalogue+window+number-theory	lean-declaration	catalogue,geom,margin	theorem nbonacci_mul_geomSum {R : Type} [Ring R] (a : R) (n : ℕ) : a * nbonacciGeomSum a n = nbonacciGeomSum a (n + 1) - a := by
nbonacci_block_identity_scalar	theorem	lean/nbonacci_margin_catalogue.lean	206	matrix+affine-catalogue+window	lean-declaration	block_identity,catalogue,geom,margin	theorem nbonacci_block_identity_scalar {R : Type} [Ring R] (a : R) (n : ℕ) (h : nbonacciGeomSum a n = 1) : a ^ (n + 1) = 2 * a - 1 := by
nbonacci_block_identity_matrix	theorem	lean/nbonacci_margin_catalogue.lean	223	matrix+affine-catalogue+window	lean-declaration	block_identity,catalogue,geom,margin,matrix	theorem nbonacci_block_identity_matrix {ι R : Type} [Fintype ι] [DecidableEq ι] [Ring R] (A : Matrix ι ι R) (n : ℕ) (h : nbonacciGeomSum A n = 1) : A ^ (n + 1) = 2 * A - 1 := by
nbonacci_geomSum_of_charpoly	theorem	lean/nbonacci_margin_catalogue.lean	233	matrix+affine-catalogue+window	lean-declaration	catalogue,charpoly,geom,margin,matrix	theorem nbonacci_geomSum_of_charpoly {ι : Type} [Fintype ι] [DecidableEq ι] (A : Matrix ι ι ℤ) (n : ℕ) (hchar : A.charpoly = nbonacciCharpoly n) : nbonacciGeomSum A n = 1 := by
nbonacci_block_identity_of_charpoly	theorem	lean/nbonacci_margin_catalogue.lean	260	matrix+affine-catalogue+window	lean-declaration	block_identity,catalogue,charpoly,margin,matrix	theorem nbonacci_block_identity_of_charpoly {ι : Type} [Fintype ι] [DecidableEq ι] (A : Matrix ι ι ℤ) (n : ℕ) (hchar : A.charpoly = nbonacciCharpoly n) : A ^ (n + 1) = 2 * A - 1 := by
nbonacciBlockForcing_coord_bound	theorem	lean/nbonacci_margin_catalogue.lean	390	affine-catalogue+window	lean-declaration	catalogue,margin	theorem nbonacciBlockForcing_coord_bound (n : ℕ) (hn : 0 < n) (digits : Fin (n + 1) → ℤ) (hdigits : ∀ k, -1 ≤ digits k ∧ digits k ≤ 1) (i : Fin n) : -4 ≤ nbonacciBlockForcing n hn digits i ∧ nbonacciBlockForcing n hn digits i ≤ 4 := by
nbonacciBlockForcing_l1_bound	theorem	lean/nbonacci_margin_catalogue.lean	415	affine-catalogue+window	lean-declaration	catalogue,margin	theorem nbonacciBlockForcing_l1_bound (n : ℕ) (hn : 0 < n) (digits : Fin (n + 1) → ℤ) (hdigits : ∀ k, -1 ≤ digits k ∧ digits k ≤ 1) : (∑ i : Fin n, |nbonacciBlockForcing n hn digits i|) ≤ 4 * n := by
no_strict_rank_finite	theorem	lean/nbonacci_margin_catalogue.lean	434	affine-catalogue+window	lean-declaration	catalogue,margin	theorem no_strict_rank_finite {α : Type} [Fintype α] [Nonempty α] (step : α → α) (rank : α → ℤ) (hstep : ∀ x, rank x < rank (step x)) : False := by
no_strict_rank_relation_closed	theorem	lean/nbonacci_margin_catalogue.lean	454	affine-catalogue+window	lean-declaration	catalogue,margin	theorem no_strict_rank_relation_closed {α : Type} [Fintype α] [Nonempty α] (R : α → α → Prop) (rank : α → ℤ) (hout : ∀ x, ∃ y, R x y) (hstrict : ∀ ⦃x y⦄, R x y → rank x < rank y) : False := by
no_strict_rank_closed_subset	theorem	lean/nbonacci_margin_catalogue.lean	472	affine-catalogue+window	lean-declaration	catalogue,margin	theorem no_strict_rank_closed_subset {α : Type} [Fintype α] (T : Set α) (step : α → α) (rank : α → ℤ) (hclosed : ∀ x, x ∈ T → step x ∈ T) (hstep : ∀ x, x ∈ T → rank x < rank (step x)) : T = ∅ := by
perron_column_difference	theorem	lean/perron_column_difference.lean	23	spectral	lean-declaration	perron	theorem perron_column_difference {n : ℕ} (M : Fin n → Fin n → ℝ) (v : Fin n → ℝ) (beta : ℝ) (hleft : ∀ i, ∑ k, M k i * v k = beta * v i) (i j : Fin n) : beta * (v i - v j) = ∑ k, (M k i - M k j) * v k := by
perron_three_coordinate_identity	theorem	lean/perron_column_difference.lean	36	spectral	lean-declaration	perron	theorem perron_three_coordinate_identity (beta b c d0 d1 d2 : ℝ) (hbeta : b = beta) (hcolumn : beta * b - beta * c = d0 * b + d1 * c + d2) : b * (b - c) = d0 * b + d1 * c + d2 := by
classII_column_difference	theorem	lean/perron_column_difference.lean	46	spectral	lean-declaration	perron	theorem classII_column_difference (a beta b c : ℝ) (hbeta : b = beta) (h0 : a * b + c + 1 = beta * b) (h1 : a * b + 1 = beta * c) : b * (b - c) = c := by
tribonacci_column_difference	theorem	lean/perron_column_difference.lean	56	spectral	lean-declaration	perron	theorem tribonacci_column_difference (beta b c : ℝ) (hbeta : b = beta) (h0 : b + c = beta * b) (h1 : b + 1 = beta * c) : b * (b - c) = c - 1 := by
companion_perron_gap_positive	theorem	lean/perron_column_difference.lean	67	spectral	lean-declaration	gap,perron	theorem companion_perron_gap_positive (A B b c : ℝ) (hb : 0 < b) (hB : 1 ≤ B) (hAB : B ≤ A) (h0 : A * b + c = b * b) (h1 : B * b + 1 = b * c) : c < b := by
companion_perron_gap_negative	theorem	lean/perron_column_difference.lean	80	spectral	lean-declaration	gap,perron	theorem companion_perron_gap_negative (A B b c : ℝ) (hb : 0 < b) (hBA : A + 1 ≤ B) (h0 : A * b + c = b * b) (h1 : B * b + 1 = b * c) : b < c := by
nbonacci_gap_step	theorem	lean/perron_column_difference.lean	97	spectral	lean-declaration	gap,perron	theorem nbonacci_gap_step (beta vi vi1 vi2 v0 : ℝ) (hi : v0 + vi1 = beta * vi) (hi1 : v0 + vi2 = beta * vi1) : beta * (vi - vi1) = vi1 - vi2 := by
positive_gap_of_positive_scaled_gap	theorem	lean/perron_column_difference.lean	107	spectral	lean-declaration	gap,perron	theorem positive_gap_of_positive_scaled_gap (beta x y : ℝ) (hpos : 0 < beta) (hgap : 0 < beta * (x - y)) : y < x := by
tetrabonacci_first_gap	theorem	lean/perron_column_difference.lean	116	spectral	lean-declaration	gap,perron	theorem tetrabonacci_first_gap (beta b c d : ℝ) (hbeta : b = beta) (h0 : b + c = beta * b) (h1 : b + d = beta * c) : b * (b - c) = c - d := by
tetrabonacci_gap_order	theorem	lean/perron_column_difference.lean	127	spectral	lean-declaration	gap,perron	theorem tetrabonacci_gap_order (beta b c d : ℝ) (hbeta : b = beta) (hpos : 0 < beta) (h0 : b + c = beta * b) (h1 : b + d = beta * c) (h2 : b + 1 = beta * d) : 1 < d ∧ d < c ∧ c < b := by
pentanacci_gap_order	theorem	lean/perron_column_difference.lean	155	spectral	lean-declaration	gap,perron	theorem pentanacci_gap_order (beta b c d e : ℝ) (hbeta : b = beta) (hpos : 0 < beta) (h0 : b + c = beta * b) (h1 : b + d = beta * c) (h2 : b + e = beta * d) (h3 : b + 1 = beta * e) : 1 < e ∧ e < d ∧ d < c ∧ c < b := by
hexanacci_gap_order	theorem	lean/perron_column_difference.lean	179	spectral	lean-declaration	gap,perron	theorem hexanacci_gap_order (beta b c d e f : ℝ) (hbeta : b = beta) (hpos : 0 < beta) (h0 : b + c = beta * b) (h1 : b + d = beta * c) (h2 : b + e = beta * d) (h3 : b + f = beta * e) (h4 : b + 1 = beta * f) : 1 < f ∧ f < e ∧ e < d ∧ d < c ∧ c < b := by
RavelMath.rMatrix_lowerTriangular	lemma	lean/rMatrix_proof_attempt.lean	17	matrix	draft	matrix	lemma rMatrix_lowerTriangular (n : ℕ) : (rMatrix n).BlockTriangular toDual := by
RavelMath.rMatrix_det	theorem	lean/rMatrix_proof_attempt.lean	27	matrix+number-theory	draft	det,matrix,polynomial	theorem rMatrix_det (n : ℕ) : (rMatrix n).det = (Polynomial.C (-1) : Polynomial ℤ) ^ (n - 1) := by
RavelGenerated.affine_block_translation	theorem	lean/radial_translation_defect.lean	10	matrix+affine-catalogue	lean-declaration	affine,matrix	theorem affine_block_translation {n : Type} [Fintype n] [DecidableEq n] (B : Matrix n n ℤ) (x t forcing : n → ℤ) : B *ᵥ (x + t) + forcing = (B *ᵥ x + forcing) + B *ᵥ t := by
RavelGenerated.affine_block_same_translation_defect	theorem	lean/radial_translation_defect.lean	20	matrix+affine-catalogue	lean-declaration	affine,matrix	theorem affine_block_same_translation_defect {n : Type} [Fintype n] [DecidableEq n] (B : Matrix n n ℤ) (x t forcing : n → ℤ) : (B *ᵥ (x + t) + forcing) - ((B *ᵥ x + forcing) + t) = B *ᵥ t - t := by
RavelGenerated.nbonacci_block_translation_defect	theorem	lean/radial_translation_defect.lean	34	matrix	lean-declaration	matrix	theorem nbonacci_block_translation_defect {n : Type} [Fintype n] [DecidableEq n] (A : Matrix n n ℤ) (x t forcing : n → ℤ) : (((2 : ℤ) • A - 1) *ᵥ (x + t) + forcing) - ((((2 : ℤ) • A - 1) *ᵥ x + forcing) + t) = 2 • (A *ᵥ t - t) := by
lifted_edge_projects	theorem	lean/return_contact_lift.lean	70	affine-catalogue+graph	lean-declaration	contact,edge	theorem lifted_edge_projects {A : Type uA} {X : Type uX} {P : Type uP} {phases : PhaseSystem A P} (edge : LiftedContactEdge A X P phases) : edge.source.bare = edge.bare.source ∧ edge.destination.bare = edge.bare.destination :=
lifted_left_occurrence_commutes	theorem	lean/return_contact_lift.lean	80	affine-catalogue+word-language+graph	lean-declaration	contact,edge,occurrence	theorem lifted_left_occurrence_commutes {A : Type uA} {X : Type uX} {P : Type uP} {phases : PhaseSystem A P} (edge : LiftedContactEdge A X P phases) : phases.substitution edge.bare.destination.left edge.bare.leftPosition = some edge.bare.source.left := by
lifted_right_occurrence_commutes	theorem	lean/return_contact_lift.lean	96	affine-catalogue+word-language+graph	lean-declaration	contact,edge,occurrence	theorem lifted_right_occurrence_commutes {A : Type uA} {X : Type uX} {P : Type uP} {phases : PhaseSystem A P} (edge : LiftedContactEdge A X P phases) : phases.substitution edge.bare.destination.right edge.bare.rightPosition = some edge.bare.source.right := by
RavelGenerated.strict_rank_of_phase_offset	theorem	lean/universal_dominance_phase_rank_transport.lean	8	spectral	lean-declaration	dominance	theorem strict_rank_of_phase_offset {State Phase : Type} (level : State → ℤ) (phase : State → Phase) (offset : Phase → ℤ) (FirstReturn : State → State → Prop) (hconstraint : ∀ ⦃x y⦄, FirstReturn x y → offset (phase y) ≥ offset (phase x) + level x - level y + 1) : ∀ ⦃x y⦄, FirstReturn x y → level x + offset (phase x) < level y + offset (phase y) := by
RavelGenerated.shell_empty_of_phase_rank_transport	theorem	lean/universal_dominance_phase_rank_transport.lean	27	spectral+affine-catalogue	lean-declaration	dominance,shell	theorem shell_empty_of_phase_rank_transport {State Phase : Type} [Fintype State] (Shell : Set State) (FirstReturn : State → State → Prop) (level : State → ℤ) (phase : State → Phase) (offset : Phase → ℤ) (hout : ∀ x, x ∈ Shell → ∃ y, y ∈ Shell ∧ FirstReturn x y) (hconstraint : ∀ ⦃x y⦄,
RavelGenerated.no_strict_rank_relation_closed	theorem	lean/universal_dominance_shell_return_validation.lean	8	spectral+affine-catalogue+window	lean-declaration	dominance,shell,valid	theorem no_strict_rank_relation_closed {α : Type} [Fintype α] [Nonempty α] (R : α → α → Prop) (rank : α → ℤ) (hout : ∀ x, ∃ y, R x y) (hstrict : ∀ ⦃x y⦄, R x y → rank x < rank y) : False := by
RavelGenerated.shell_empty_of_strict_first_return_rank	theorem	lean/universal_dominance_shell_return_validation.lean	28	spectral+affine-catalogue+window	lean-declaration	dominance,shell,valid	theorem shell_empty_of_strict_first_return_rank {State : Type} [Fintype State] (Shell : Set State) (FirstReturn : State → State → Prop) (rank : State → ℤ) (hout : ∀ x, x ∈ Shell → ∃ y, y ∈ Shell ∧ FirstReturn x y) (hstrict : ∀ ⦃x y⦄, x ∈ Shell → y ∈ Shell → FirstReturn x y → rank x < rank y) :
RavelGenerated.no_nonempty_shell_with_strict_first_return_rank	theorem	lean/universal_dominance_shell_return_validation.lean	61	spectral+affine-catalogue+window	lean-declaration	dominance,shell,valid	theorem no_nonempty_shell_with_strict_first_return_rank {State : Type} [Fintype State] (Shell : Set State) (FirstReturn : State → State → Prop) (rank : State → ℤ) (hShell : Shell.Nonempty) (hout : ∀ x, x ∈ Shell → ∃ y, y ∈ Shell ∧ FirstReturn x y) (hstrict : ∀ ⦃x y⦄, x ∈ Shell → y ∈ Shell → FirstReturn x y →
